姓名,院系,学号,高等数学,3.0,大学物理,3.0,线性代数,3.0,程序设计基础,3.0,大学英语,3.0,思想道德与法治,3.0,中国近现代史纲要,3.0,计算机导论,3.0,电路分析,3.0,信号与系统,3.0,GPA,平均学分成绩,总学分
,,,得分,绩点,得分,绩点,得分,绩点,得分,绩点,得分,绩点,得分,绩点,得分,绩点,得分,绩点,得分,绩点,得分,绩点,,,
度忆杭,电子信息与光电技术学院,2026012,92,4,98,4,99,4,100,4,99,4,100,4,92,4,96,4,95,4,99,4,4,97,30
魏洋,能源与动力工程学院,2026058,100,4,94,4,94,4,94,4,93,4,99,4,99,4,96,4,100,4,99,4,4,96.8,30
陈帆,电子工程与光电技术学院,2026016,96,4,100,4,93,4,97,4,100,4,95,4,95,4,97,4,93,4,99,4,4,96.5,30
郑丽,计算机科学与工程学院,2026021,100,4,98,4,91,4,99,4,93,4,99,4,100,4,92,4,95,4,96,4,4,96.3,30
李洋,机械工程学院,2026002,99,4,91,4,100,4,98,4,93,4,98,4,100,4,93,4,95,4,95,4,4,96.2,30
孙丽,计算机科学与工程学院,2026026,99,4,92,4,98,4,97,4,93,4,96,4,97,4,96,4,100,4,91,4,4,95.9,30
赵帆,机械工程学院,2026034,97,4,100,4,99,4,97,4,96,4,97,4,93,4,93,4,93,4,94,4,4,95.9,30
吴艳,经济管理学院,2026061,99,4,99,4,99,4,92,4,91,4,97,4,92,4,95,4,94,4,99,4,4,95.7,30
朱帆,自动化学院,2026007,97,4,94,4,93,4,99,4,96,4,99,4,96,4,91,4,97,4,94,4,4,95.6,30
孔宇,能源与动力工程学院,2026060,92,4,96,4,93,4,98,4,95,4,91,4,100,4,94,4,97,4,99,4,4,95.5,30
朱宇,能源与动力工程学院,2026046,95,4,93,4,93,4,100,4,97,4,95,4,93,4,93,4,96,4,99,4,4,95.4,30
郑杰,计算机科学与工程学院,2026001,95,4,93,4,99,4,92,4,97,4,100,4,92,4,95,4,92,4,97,4,4,95.2,30
赵霞,机械工程学院,2026023,99,4,90,4,93,4,96,4,90,4,99,4,95,4,97,4,99,4,93,4,4,95.1,30
钱磊,机械工程学院,2026030,99,4,91,4,96,4,100,4,91,4,100,4,94,4,93,4,95,4,92,4,4,95.1,30
蒋博,计算机科学与工程学院,2026056,94,4,98,4,98,4,96,4,90,4,97,4,98,4,96,4,90,4,94,4,4,95.1,30
郑涛,电子工程与光电技术学院,2026008,94,4,92,4,97,4,96,4,91,4,93,4,100,4,97,4,92,4,95,4,4,94.7,30
吕帆,能源与动力工程学院,2026062,90,4,95,4,92,4,99,4,93,4,93,4,95,4,96,4,95,4,99,4,4,94.7,30
严健,能源与动力工程学院,2026042,97,4,90,4,100,4,95,4,96,4,90,4,90,4,100,4,90,4,98,4,4,94.6,30
陈浩,能源与动力工程学院,2026066,96,4,94,4,92,4,92,4,100,4,93,4,91,4,94,4,94,4,100,4,4,94.6,30
冯霞,计算机科学与工程学院,2026039,98,4,93,4,90,4,94,4,90,4,100,4,93,4,94,4,90,4,100,4,4,94.2,30
张强,电子工程与光电技术学院,2026043,94,4,96,4,90,4,91,4,93,4,92,4,95,4,92,4,92,4,97,4,4,93.2,30
吴娜,自动化学院,2026036,89,3.7,86,3.7,88,3.7,88,3.7,89,3.7,85,3.7,80,3,86,3.7,85,3.7,81,3,3.56,85.7,30
施强,能源与动力工程学院,2026018,100,4,68,2,78,3,87,3.7,64,1.5,93,4,93,4,95,4,88,3.7,88,3.7,3.36,85.4,30
孔婷,能源与动力工程学院,2026064,89,3.7,89,3.7,87,3.7,81,3,87,3.7,86,3.7,84,3.3,86,3.7,85,3.7,80,3,3.52,85.4,30
孙秀兰,经济管理学院,2026017,84,3.3,85,3.7,85,3.7,80,3,89,3.7,87,3.7,88,3.7,89,3.7,81,3,82,3.3,3.48,85,30
蒋鹏,自动化学院,2026055,87,3.7,85,3.7,81,3,83,3.3,88,3.7,80,3,89,3.7,87,3.7,81,3,89,3.7,3.45,85,30
杨雪,电子工程与光电技术学院,2026006,85,3.7,86,3.7,86,3.7,85,3.7,82,3.3,83,3.3,86,3.7,88,3.7,83,3.3,85,3.7,3.58,84.9,30
钱秀英,能源与动力工程学院,2026045,82,3.3,89,3.7,80,3,84,3.3,86,3.7,86,3.7,87,3.7,86,3.7,84,3.3,84,3.3,3.47,84.8,30
吕霞,自动化学院,2026053,88,3.7,80,3,86,3.7,80,3,87,3.7,82,3.3,85,3.7,82,3.3,89,3.7,87,3.7,3.48,84.6,30
秦娜,经济管理学院,2026027,89,3.7,84,3.3,84,3.3,84,3.3,88,3.7,89,3.7,80,3,82,3.3,82,3.3,83,3.3,3.39,84.5,30
钱杰,计算机科学与工程学院,2026052,83,3.3,87,3.7,84,3.3,85,3.7,86,3.7,87,3.7,81,3,80,3,86,3.7,85,3.7,3.48,84.4,30
华伟,经济管理学院,2026015,83,3.3,86,3.7,82,3.3,88,3.7,82,3.3,82,3.3,86,3.7,89,3.7,84,3.3,81,3,3.43,84.3,30
李娜,自动化学院,2026003,88,3.7,80,3,82,3.3,89,3.7,80,3,80,3,84,3.3,82,3.3,88,3.7,88,3.7,3.37,84.1,30
孙宇,机械工程学院,2026010,88,3.7,87,3.7,80,3,82,3.3,84,3.3,87,3.7,80,3,86,3.7,81,3,85,3.7,3.41,84,30
冯秀兰,能源与动力工程学院,2026038,86,3.7,89,3.7,84,3.3,83,3.3,81,3,80,3,83,3.3,82,3.3,85,3.7,87,3.7,3.4,84,30
华俊,计算机科学与工程学院,2026048,88,3.7,89,3.7,83,3.3,81,3,80,3,87,3.7,85,3.7,80,3,81,3,85,3.7,3.38,83.9,30
秦超,计算机科学与工程学院,2026005,94,4,81,3,79,3,76,2.7,96,4,98,4,83,3.3,35,0,67,1.5,81,3,3.16667,83.8889,27
李俊,自动化学院,2026028,80,3,80,3,88,3.7,83,3.3,84,3.3,87,3.7,81,3,84,3.3,89,3.7,82,3.3,3.33,83.8,30
褚凯,电子工程与光电技术学院,2026065,81,3,80,3,80,3,81,3,84,3.3,84,3.3,84,3.3,87,3.7,88,3.7,88,3.7,3.3,83.7,30
严婷,自动化学院,2026024,83,3.3,88,3.7,83,3.3,81,3,80,3,81,3,85,3.7,84,3.3,83,3.3,86,3.7,3.33,83.4,30
朱强,计算机科学与工程学院,2026035,87,3.7,84,3.3,81,3,80,3,81,3,89,3.7,83,3.3,81,3,85,3.7,83,3.3,3.3,83.4,30
王娟,自动化学院,2026040,76,2.7,62,1,100,4,87,3.7,100,4,95,4,62,1,92,4,96,4,62,1,2.94,83.2,30
施浩,能源与动力工程学院,2026022,85,3.7,81,3,83,3.3,81,3,85,3.7,81,3,85,3.7,84,3.3,83,3.3,83,3.3,3.33,83.1,30
李健,机械工程学院,2026031,89,3.7,82,3.3,82,3.3,85,3.7,81,3,81,3,81,3,87,3.7,81,3,80,3,3.27,82.9,30
秦磊,能源与动力工程学院,2026057,66,1.5,96,4,66,1.5,83,3.3,93,4,94,4,89,3.7,66,1.5,92,4,75,2.7,3.02,82,30
冯鹏,计算机科学与工程学院,2026044,89,3.7,21,0,68,2,68,2,98,4,82,3.3,95,4,84,3.3,78,3,73,2.3,3.06667,81.6667,27
施敏,能源与动力工程学院,2026025,82,3.3,70,2,91,4,60,1,82,3.3,67,1.5,80,3,98,4,94,4,91,4,3.01,81.5,30
吴健,电子工程与光电技术学院,2026009,89,3.7,100,4,66,1.5,95,4,67,1.5,96,4,71,2,84,3.3,72,2.3,73,2.3,2.86,81.3,30
冯凯,电子工程与光电技术学院,2026032,87,3.7,71,2,63,1,91,4,75,2.7,94,4,69,2,98,4,93,4,71,2,2.94,81.2,30
韩娟,能源与动力工程学院,2026063,86,3.7,100,4,88,3.7,31,0,72,2.3,96,4,63,1,91,4,71,2,63,1,2.85556,81.1111,27
朱博,计算机科学与工程学院,2026037,77,2.7,75,2.7,98,4,92,4,75,2.7,66,1.5,77,2.7,97,4,63,1,89,3.7,2.9,80.9,30
何凯,机械工程学院,2026013,85,3.7,81,3,73,2.3,63,1,98,4,64,1.5,84,3.3,94,4,69,2,91,4,2.88,80.2,30
吕丽,计算机科学与工程学院,2026004,85,3.7,82,3.3,87,3.7,82,3.3,82,3.3,100,4,94,4,62,1,63,1,64,1.5,2.88,80.1,30
杨秀英,机械工程学院,2026014,62,1,95,4,68,2,65,1.5,98,4,91,4,65,1.5,92,4,82,3.3,83,3.3,2.86,80.1,30
王婷,机械工程学院,2026019,82,3.3,83,3.3,94,4,85,3.7,89,3.7,90,4,68,2,85,3.7,60,1,60,1,2.97,79.6,30
吴军,机械工程学院,2026020,71,2,93,4,96,4,92,4,87,3.7,60,1,66,1.5,82,3.3,74,2.3,72,2.3,2.81,79.3,30
褚宇,经济管理学院,2026054,89,3.7,95,4,71,2,76,2.7,13,0,76,2.7,79,3,61,1,63,1,100,4,2.67778,78.8889,27
韩丽,计算机科学与工程学院,2026049,89,3.7,90,4,73,2.3,6,0,95,4,64,1.5,72,2.3,78,3,60,1,71,2,2.64444,76.8889,27
孔勇,电子工程与光电技术学院,2026011,73,2.3,80,3,65,1.5,77,2.7,85,3.7,89,3.7,81,3,66,1.5,80,3,65,1.5,2.59,76.1,30
冯霞,电子工程与光电技术学院,2026050,61,1,96,4,78,3,71,2,76,2.7,94,4,62,1,80,3,69,2,72,2.3,2.5,75.9,30
钱秀兰,机械工程学院,2026041,82,3.3,69,2,81,3,60,1,60,1,77,2.7,89,3.7,78,3,77,2.7,55,0,2.48889,74.7778,27
吕军,机械工程学院,2026029,71,2,60,1,84,3.3,89,3.7,71,2,73,2.3,77,2.7,71,2,53,0,65,1.5,2.27778,73.4444,27
施涛,自动化学院,2026047,60,1,66,1.5,67,1.5,44,0,72,2.3,64,1.5,64,1.5,96,4,77,2.7,95,4,2.22222,73.4444,27
李娜,自动化学院,2026051,79,3,68,2,74,2.3,70,2,42,0,87,3.7,63,1,64,1.5,91,4,63,1,2.27778,73.2222,27
韩勇,能源与动力工程学院,2026059,65,1.5,61,1,61,1,84,3.3,100,4,61,1,76,2.7,69,2,71,2,81,3,2.15,72.9,30
施雪,计算机科学与工程学院,2026033,83,3.3,61,1,60,1,65,1.5,77,2.7,72,2.3,7,0,79,3,75,2.7,82,3.3,2.31111,72.6667,27
