姓名,院系,学号,高等数学,5.0,大学物理,4.5,大学英语,3.0,C++程序设计,4.0,线性代数,3.5,概率论,2.5,电路原理,4.0,工程制图,3.0,GPA,平均学分成绩,总学分
,,,得分,绩点,得分,绩点,得分,绩点,得分,绩点,得分,绩点,得分,绩点,得分,绩点,得分,绩点,,,
吴敏,通信工程学院,2023068,85,3.7,94,4,75,2.7,89,3.7,89,3.7,90,4,96,4,79,3,3.63898,87.678,29.5
沈秀兰,自动化学院,2023015,98,4,90,4,95,4,88,3.7,93,4,95,4,73,2.3,63,1,3.42373,87.322,29.5
钱杰,自动化学院,2023074,97,4,96,4,67,1.5,73,2.3,95,4,79,3,81,3,95,4,3.29492,86.4068,29.5
孙艳,软件学院,2023034,94,4,97,4,70,2,96,4,82,3.3,97,4,77,2.7,67,1.5,3.28305,86.0678,29.5
杨娟,软件学院,2023010,95,4,91,4,85,3.7,84,3.3,74,2.3,77,2.7,97,4,73,2.3,3.38983,85.8983,29.5
卫明,电子工程学院,2023067,97,4,90,4,65,1.5,80,3,88,3.7,93,4,91,4,73,2.3,3.40169,85.7119,29.5
蒋静,机械学院,2023037,91,4,93,4,95,4,77,2.7,73,2.3,98,4,80,3,80,3,3.38475,85.661,29.5
李明,材料学院,2023055,68,2,89,3.7,61,1,95,4,95,4,89,3.7,90,4,97,4,3.28475,85.0678,29.5
孙静,材料学院,2023043,70,2,93,4,69,2,98,4,87,3.7,86,3.7,93,4,77,2.7,3.26441,84.4068,29.5
李敏,材料学院,2023071,95,4,81,3,76,2.7,71,2,80,3,86,3.7,94,4,87,3.7,3.26949,84.1864,29.5
李秀英,材料学院,2023030,93,4,66,1.5,80,3,83,3.3,84,3.3,87,3.7,95,4,85,3.7,3.28305,84.0847,29.5
褚明,材料学院,2023084,89,3.7,66,1.5,62,1,98,4,95,4,84,3.3,80,3,98,4,3.0678,83.9492,29.5
韩娟,软件学院,2023033,61,1,93,4,83,3.3,98,4,96,4,73,2.3,73,2.3,94,4,3.04576,83.2881,29.5
蒋敏,机械学院,2023076,80,3,79,3,93,4,75,2.7,93,4,96,4,83,3.3,74,2.3,3.2339,83.1864,29.5
周静,材料学院,2023039,69,2,84,3.3,73,2.3,97,4,94,4,71,2,98,4,73,2.3,3.03898,82.9661,29.5
赵娜,自动化学院,2023087,92,4,92,4,88,3.7,89,3.7,64,1.5,82,3.3,80,3,67,1.5,3.18305,82.8475,29.5
周秀兰,机械学院,2023073,81,3,77,2.7,88,3.7,62,1,92,4,89,3.7,85,3.7,98,4,3.12881,82.7797,29.5
陈洋,经管学院,2023083,74,2.3,86,3.7,85,3.7,76,2.7,95,4,80,3,63,1,86,3.7,2.93729,79.9492,29.5
赵秀兰,经管学院,2023080,88,3.7,85,3.7,83,3.3,60,1,83,3.3,91,4,83,3.3,92,4,3.24746,82.6271,29.5
吴杰,电子工程学院,2023016,72,2.3,63,1,94,4,88,3.7,97,4,92,4,83,3.3,84,3.3,3.04746,82.4068,29.5
孙伟,机械学院,2023064,80,3,80,3,96,4,79,3,95,4,64,1.5,91,4,68,2,3.12712,82.1864,29.5
韩杰,计算机学院,2023070,77,2.7,68,2,92,4,82,3.3,97,4,94,4,74,2.3,83,3.3,3.07797,81.8475,29.5
吴娟,经管学院,2023056,93,4,97,4,82,3.3,70,2,84,3.3,88,3.7,62,1,74,2.3,2.96949,81.7458,29.5
吴娜,材料学院,2023031,91,4,67,1.5,89,3.7,72,2.3,89,3.7,74,2.3,80,3,93,4,3.04237,81.5932,29.5
李强,经管学院,2023062,63,1,68,2,83,3.3,91,4,96,4,92,4,84,3.3,89,3.7,2.98983,81.4576,29.5
周艳,计算机学院,2023040,92,4,73,2.3,86,3.7,96,4,91,4,73,2.3,64,1.5,71,2,3.02373,81.3729,29.5
冯芳,软件学院,2023013,85,3.7,85,3.7,82,3.3,83,3.3,96,4,70,2,80,3,61,1,3.12712,81.339,29.5
赵敏,通信工程学院,2023029,92,4,88,3.7,66,1.5,81,3,94,4,74,2.3,69,2,76,2.7,3.01695,81.2203,29.5
卫霞,计算机学院,2023048,78,3,74,2.3,87,3.7,86,3.7,77,2.7,69,2,90,4,88,3.7,3.14576,81.1525,29.5
冯超,软件学院,2023078,82,3.3,89,3.7,68,2,69,2,90,4,67,1.5,87,3.7,90,4,3.10847,81.0508,29.5
钱静,电子工程学院,2023046,86,3.7,69,2,76,2.7,94,4,80,3,70,2,92,4,73,2.3,3.05085,80.8983,29.5
王娟,电子工程学院,2023012,89,3.7,96,4,93,4,75,2.7,62,1,60,1,89,3.7,69,2,2.91864,80.8814,29.5
杨艳,通信工程学院,2023058,77,2.7,64,1.5,80,3,95,4,61,1,94,4,93,4,90,4,2.94068,80.7966,29.5
周秀英,机械学院,2023051,92,4,89,3.7,70,2,91,4,71,2,69,2,71,2,80,3,2.97119,80.661,29.5
蒋明,自动化学院,2023065,74,2.3,76,2.7,88,3.7,71,2,85,3.7,84,3.3,88,3.7,86,3.7,3.04576,80.5932,29.5
蒋娜,电子工程学院,2023082,73,2.3,81,3,86,3.7,67,1.5,86,3.7,76,2.7,92,4,87,3.7,3.01356,80.5254,29.5
郑涛,计算机学院,2023038,85,3.7,86,3.7,86,3.7,63,1,66,1.5,63,1,70,2,95,4,2.64407,77.1356,29.5
沈敏,经管学院,2023052,68,2,61,1,89,3.7,83,3.3,87,3.7,97,4,87,3.7,66,1.5,2.74746,78.1864,29.5
卫秀英,自动化学院,2023007,87,3.7,89,3.7,70,2,86,3.7,72,2.3,65,1.5,91,4,67,1.5,2.99153,80.3051,29.5
褚敏,电子工程学院,2023005,94,4,72,2.3,93,4,65,1.5,94,4,62,1,89,3.7,63,1,2.80169,80.0678,29.5
陈洋,电子工程学院,2023028,74,2.3,86,3.7,85,3.7,76,2.7,95,4,80,3,63,1,86,3.7,2.93729,79.9492,29.5
杨娟,电子工程学院,2023044,95,4,91,4,85,3.7,84,3.3,74,2.3,77,2.7,97,4,73,2.3,3.38983,85.8983,29.5
赵超,软件学院,2023086,93,4,65,1.5,96,4,80,3,65,1.5,64,1.5,80,3,95,4,2.83898,79.9322,29.5
王勇,机械学院,2023072,93,4,87,3.7,87,3.7,81,3,70,2,83,3.3,62,1,63,1,2.77966,79.0169,29.5
郑秀兰,经管学院,2023009,63,1,91,4,75,2.7,78,3,90,4,76,2.7,80,3,85,3.7,2.94746,79.3729,29.5
卫娟,通信工程学院,2023022,88,3.7,80,3,73,2.3,77,2.7,82,3.3,76,2.7,71,2,84,3.3,2.91186,79.322,29.5
杨秀英,材料学院,2023035,65,1.5,69,2,98,4,95,4,78,3,89,3.7,70,2,85,3.7,2.82542,79.322,29.5
卫艳,软件学院,2023069,68,2,87,3.7,89,3.7,86,3.7,83,3.3,84,3.3,77,2.7,62,1,2.92034,79.2203,29.5
王勇,电子工程学院,2023049,93,4,87,3.7,87,3.7,81,3,70,2,83,3.3,62,1,63,1,2.77966,79.0169,29.5
沈静,电子工程学院,2023008,62,1,73,2.3,96,4,82,3.3,90,4,92,4,68,2,86,3.7,2.83559,78.9661,29.5
孙超,计算机学院,2023047,61,1,91,4,79,3,63,1,90,4,95,4,91,4,66,1.5,2.72881,78.5763,29.5
韩涛,机械学院,2023026,61,1,86,3.7,76,2.7,75,2.7,67,1.5,84,3.3,94,4,65,1.5,2.52712,75.7797,29.5
褚强,机械学院,2023002,85,3.7,96,4,83,3.3,78,3,61,1,71,2,71,2,74,2.3,2.77288,78.4746,29.5
赵强,经管学院,2023079,62,1,79,3,79,3,74,2.3,84,3.3,87,3.7,89,3.7,83,3.3,2.78644,78.4746,29.5
周强,电子工程学院,2023085,81,3,81,3,60,1,66,1.5,69,2,84,3.3,97,4,87,3.7,2.70678,78.4407,29.5
李伟,自动化学院,2023023,72,2.3,78,3,65,1.5,71,2,86,3.7,91,4,80,3,91,4,2.86271,78.3559,29.5
卫强,经管学院,2023020,87,3.7,65,1.5,80,3,70,2,84,3.3,87,3.7,76,2.7,82,3.3,2.83898,78.2712,29.5
沈敏,经管学院,2023018,68,2,61,1,89,3.7,83,3.3,87,3.7,97,4,87,3.7,66,1.5,2.74746,78.1864,29.5
褚军,软件学院,2023053,93,4,83,3.3,74,2.3,65,1.5,60,1,89,3.7,90,4,64,1.5,2.74576,78.1356,29.5
卫杰,电子工程学院,2023041,96,4,61,1,78,3,74,2.3,64,1.5,74,2.3,79,3,97,4,2.6339,77.9831,29.5
王超,经管学院,2023027,88,3.7,72,2.3,65,1.5,81,3,80,3,73,2.3,83,3.3,74,2.3,2.76949,77.9492,29.5
孙杰,材料学院,2023019,73,2.3,98,4,89,3.7,74,2.3,69,2,64,1.5,63,1,91,4,2.59492,77.8136,29.5
卫勇,机械学院,2023036,64,1.5,89,3.7,78,3,81,3,63,1,79,3,84,3.3,87,3.7,2.72712,77.7458,29.5
褚秀兰,自动化学院,2023075,75,2.7,69,2,65,1.5,63,1,62,1,60,1,61,1,77,2.7,1.66441,66.9322,29.5
沈杰,电子工程学院,2023024,86,3.7,72,2.3,61,1,64,1.5,88,3.7,73,2.3,98,4,69,2,2.66271,77.3729,29.5
韩明,经管学院,2023014,77,2.7,78,3,96,4,65,1.5,85,3.7,94,4,70,2,61,1,2.67627,77.2712,29.5
卫强,材料学院,2023045,87,3.7,65,1.5,80,3,70,2,84,3.3,87,3.7,76,2.7,82,3.3,2.83898,78.2712,29.5
郑涛,材料学院,2023001,85,3.7,86,3.7,86,3.7,63,1,66,1.5,63,1,70,2,95,4,2.64407,77.1356,29.5
王超,电子工程学院,2023081,88,3.7,72,2.3,65,1.5,81,3,80,3,73,2.3,83,3.3,74,2.3,2.76949,77.9492,29.5
褚洋,材料学院,2023021,60,1,68,2,70,2,93,4,79,3,84,3.3,94,4,69,2,2.60169,76.5254,29.5
冯勇,计算机学院,2023061,66,1.5,76,2.7,70,2,83,3.3,60,1,95,4,84,3.3,84,3.3,2.55763,76.2542,29.5
钱静,经管学院,2023066,86,3.7,69,2,76,2.7,94,4,80,3,70,2,92,4,73,2.3,3.05085,80.8983,29.5
吴军,材料学院,2023054,69,2,60,1,95,4,79,3,65,1.5,95,4,85,3.7,73,2.3,2.55763,75.9322,29.5
褚勇,通信工程学院,2023050,93,4,85,3.7,69,2,60,1,74,2.3,72,2.3,66,1.5,80,3,2.55763,75.8475,29.5
韩涛,软件学院,2023004,61,1,86,3.7,76,2.7,75,2.7,67,1.5,84,3.3,94,4,65,1.5,2.52712,75.7797,29.5
钱明,机械学院,2023011,84,3.3,63,1,84,3.3,95,4,60,1,80,3,66,1.5,74,2.3,2.4,75.6441,29.5
陈军,计算机学院,2023059,78,3,66,1.5,86,3.7,65,1.5,67,1.5,95,4,91,4,62,1,2.47797,75.4915,29.5
陈娜,电子工程学院,2023003,69,2,81,3,71,2,63,1,77,2.7,85,3.7,92,4,62,1,2.41356,74.9322,29.5
韩芳,材料学院,2023060,60,1,94,4,71,2,72,2.3,61,1,89,3.7,67,1.5,94,4,2.33729,74.9153,29.5
褚艳,经管学院,2023057,69,2,61,1,70,2,97,4,63,1,89,3.7,77,2.7,80,3,2.34068,74.8644,29.5
周丽,材料学院,2023006,68,2,74,2.3,94,4,66,1.5,63,1,78,3,80,3,81,3,2.38475,74.4915,29.5
冯娜,通信工程学院,2023088,60,1,66,1.5,81,3,81,3,68,2,93,4,68,2,95,4,2.36441,74.2881,29.5
陈超,通信工程学院,2023032,83,3.3,72,2.3,60,1,73,2.3,65,1.5,80,3,71,2,89,3.7,2.40339,74.2203,29.5
钱秀英,材料学院,2023063,63,1,75,2.7,63,1,71,2,87,3.7,70,2,77,2.7,60,1,2.03051,70.9492,29.5
陈丽,计算机学院,2023077,60,1,60,1,84,3.3,70,2,88,3.7,68,2,76,2.7,69,2,2.10678,70.8814,29.5
李娜,软件学院,2023017,75,2.7,69,2,61,1,65,1.5,62,1,77,2.7,69,2,89,3.7,2.06271,70.5424,29.5
陈霞,软件学院,2023042,61,1,71,2,65,1.5,62,1,84,3.3,92,4,62,1,70,2,1.8322,69.4746,29.5
褚秀兰,材料学院,2023025,75,2.7,69,2,65,1.5,63,1,62,1,60,1,61,1,77,2.7,1.66441,66.9322,29.5
